id,username,email,firstname,lastname,occupation,employer,zipcode,dob,created,updated
1001,jennifer75,kjones@gmail.com,Jamie,Obrien,Chiropractor,"Cross, Taylor and Long",10057,1976-04-11,2019-06-26 13:14:38.000000,2019-06-26 13:14:38.000000
1002,bclark,gturner@yahoo.com,Cindy,Brewer,Further education lecturer,Taylor-Hess,22968,1944-02-15,2018-03-11 03:47:53.000000,2018-03-11 03:47:53.000000
1003,timothy75,whubbard@yahoo.com,Ricardo,Wilson,"Lighting technician, broadcasting/film/video",Craig Ltd,93245,1916-09-16,2018-03-28 04:49:55.000000,2018-03-28 04:49:55.000000
1004,christopherowen,williamsmichelle@hotmail.com,John,Mckinney,"Radiographer, diagnostic","Brady, Cain and Douglas",62472,1975-12-26,2020-02-18 10:48:20.000000,2020-02-18 10:48:20.000000
1005,jorge73,christopherstrong@mooney-quinn.com,Tara,Sanchez,Restaurant manager,"Stuart, Gray and Dunn",69468,1933-07-28,2015-07-20 07:36:56.000000,2015-07-20 07:36:56.000000
1006,odillon,callahancameron@donovan.com,Elizabeth,Edwards,Graphic designer,Davidson Ltd,20873,1946-05-20,2019-06-04 19:04:51.000000,2019-06-04 19:04:51.000000
1007,payneanthony,brandonpearson@gmail.com,Jason,Fernandez,Public affairs consultant,Velazquez-Martinez,43645,2003-09-22,2017-01-01 14:25:34.000000,2017-01-01 14:25:34.000000
1008,ealvarez,florestaylor@stevens-moore.com,Brian,Flowers,Petroleum engineer,Morrison-Morales,35247,1910-09-03,2016-11-24 18:11:20.000000,2016-11-24 18:11:20.000000
1009,morrisdavid,taylorparker@jacobs.com,Mary,Stein,Stage manager,"Martinez, Medina and Thomas",35042,1972-03-09,2016-04-15 03:16:47.000000,2016-04-15 03:16:47.000000
1010,wmays,austinparrish@gmail.com,Angela,Moore,Purchasing manager,Harris LLC,77201,1918-11-21,2015-10-19 10:51:19.000000,2015-10-19 10:51:19.000000
1011,dawsongregory,brandyhudson@wilson.info,Daniel,Pope,"Engineer, agricultural",Dougherty Group,14957,2002-04-12,2016-02-23 18:02:38.000000,2016-02-23 18:02:38.000000
1012,barreraphillip,sean57@gmail.com,Maria,Prince,"Programme researcher, broadcasting/film/video",Washington Group,30288,1998-01-23,2015-08-21 10:35:07.000000,2015-08-21 10:35:07.000000
1013,aaron13,frederickmisty@gmail.com,Heather,Jordan,"Education officer, environmental",Mason-Simpson,73750,1961-10-03,2017-08-03 21:41:14.000000,2017-08-03 21:41:14.000000
1014,clewis,antoniokey@russell.org,Christopher,Smith,Emergency planning/management officer,Smith and Sons,84361,1916-05-02,2015-12-23 18:44:39.000000,2015-12-23 18:44:39.000000
1015,pamela85,vbooker@miller.com,Patrick,Marshall,Academic librarian,Hansen-Jones,65242,1915-01-19,2016-12-12 17:34:18.000000,2016-12-12 17:34:18.000000
1016,pgray,cpeters@rodriguez.com,Jorge,Chan,Public relations account executive,Parks-Klein,01964,1971-06-01,2017-10-23 21:39:29.000000,2017-10-23 21:39:29.000000
1017,vanessa20,alexreese@valdez.org,Donald,Erickson,"Investment banker, corporate","Todd, Moore and Mcintyre",41352,1917-02-12,2020-03-27 06:31:20.000000,2020-03-27 06:31:20.000000
1018,daniel56,medinachristina@hotmail.com,Morgan,Simmons,Audiological scientist,Lewis Group,99559,1926-10-28,2015-06-03 01:06:09.000000,2015-06-03 01:06:09.000000
1019,camachorachel,montgomeryemily@murray-martinez.info,Marilyn,Welch,"Scientist, research (medical)",Kim Inc,78935,1932-12-15,2018-06-11 07:27:49.000000,2018-06-11 07:27:49.000000
1020,thomas70,susanpearson@gmail.com,Heather,Hopkins,Research scientist (physical sciences),"Conley, Ingram and Johnson",36759,1964-01-27,2019-10-28 10:59:18.000000,2019-10-28 10:59:18.000000
1021,bryan79,wrightjulia@yahoo.com,Sarah,White,Patent examiner,Parker-Pearson,98995,1998-09-25,2015-09-13 03:36:13.000000,2015-09-13 03:36:13.000000
1022,kimberly64,juliehall@hotmail.com,Joyce,Gomez,"Chemist, analytical","Gamble, Hale and Cook",79387,1973-06-22,2018-10-26 09:14:37.000000,2018-10-26 09:14:37.000000
1023,jessicajohnson,kmendoza@hotmail.com,Ann,Valencia,"Therapist, speech and language","Alvarado, Brown and Johnston",59872,1965-09-30,2015-05-24 18:43:26.000000,2015-05-24 18:43:26.000000
1024,andrewwilliams,ricestephanie@gmail.com,Mark,Wade,"Development worker, community",Mcintyre-Thomas,36470,2018-03-06,2016-03-27 18:37:38.000000,2016-03-27 18:37:38.000000
1025,gregory19,georgerobertson@nunez-lynch.com,Ian,Holloway,Retail merchandiser,"Benson, Martin and Allen",92311,1926-07-18,2017-08-24 22:45:20.000000,2017-08-24 22:45:20.000000
1026,jennifer81,deanmary@gmail.com,Allison,Jones,"Teacher, secondary school",Shaw-Harris,45887,1951-02-19,2015-12-24 01:26:43.000000,2015-12-24 01:26:43.000000
1027,andrea70,christopher60@holt-tucker.org,Anthony,Obrien,Systems developer,Dean-Gibson,05261,2015-12-02,2019-08-01 09:16:19.000000,2019-08-01 09:16:19.000000
1028,christine33,josephevans@hudson.com,Theresa,Turner,"Surveyor, rural practice","Johnson, Taylor and Sims",61031,1953-03-29,2020-02-06 18:56:30.000000,2020-02-06 18:56:30.000000
1029,tommygraham,allisonjenkins@yahoo.com,Nathan,Ramos,"Surveyor, mining",Bullock PLC,09222,1992-03-22,2015-11-17 07:23:16.000000,2015-11-17 07:23:16.000000
1030,escott,ewagner@hotmail.com,April,Pruitt,Tour manager,Valdez-Bradley,40515,1912-05-13,2018-04-03 02:34:20.000000,2018-04-03 02:34:20.000000
1031,gramirez,crystal86@yahoo.com,Rhonda,Perez,Sports therapist,Lloyd and Sons,10356,1992-02-20,2018-12-20 22:59:21.000000,2018-12-20 22:59:21.000000
1032,phillipsscott,andrewhiggins@johnson.org,Valerie,Hobbs,Magazine journalist,Anderson Ltd,02113,1983-02-03,2018-10-22 06:34:06.000000,2018-10-22 06:34:06.000000
1033,cheyenne02,huangjulie@jensen-hill.org,Faith,Williams,Personal assistant,Reyes Ltd,97844,1949-08-04,2017-10-30 06:34:27.000000,2017-10-30 06:34:27.000000
1034,louistaylor,molinamelanie@estrada-sanchez.org,Walter,Randolph,TEFL teacher,"Shaw, Matthews and Wright",41219,1968-03-04,2017-02-06 21:54:44.000000,2017-02-06 21:54:44.000000
1035,emorales,cindyspencer@yahoo.com,Amanda,Anderson,Marine scientist,Serrano Inc,62767,2005-10-04,2016-10-25 00:18:38.000000,2016-10-25 00:18:38.000000
1036,smithlaura,kmurray@yahoo.com,Kristin,Jones,Database administrator,Gibson LLC,01000,1995-07-26,2016-02-11 02:05:06.000000,2016-02-11 02:05:06.000000
1037,leejoanna,wrightjoshua@barnes-scott.com,James,Riggs,Veterinary surgeon,Brown LLC,40216,1942-01-03,2019-03-15 20:37:07.000000,2019-03-15 20:37:07.000000
1038,portereric,yarnold@hotmail.com,Cody,Schwartz,Accounting technician,Reeves LLC,54157,1913-09-15,2015-11-22 10:23:28.000000,2015-11-22 10:23:28.000000
1039,dustin18,mary86@juarez.com,Kerry,Olson,"Therapist, occupational",Pruitt-Martin,46602,1913-07-11,2017-07-30 22:31:44.000000,2017-07-30 22:31:44.000000
1040,cassandra81,yateskristen@hotmail.com,Curtis,Spence,Higher education careers adviser,"Davis, Green and Smith",64441,1915-03-03,2017-08-25 03:54:23.000000,2017-08-25 03:54:23.000000
1041,shannon37,brendan69@duke.com,Latoya,Williams,Operational investment banker,"Williams, Smith and Pugh",29733,1914-07-19,2019-05-05 05:31:38.000000,2019-05-05 05:31:38.000000
1042,dmoses,russell57@yahoo.com,Steven,Turner,Chemical engineer,"Harrison, Maxwell and Lee",08096,1938-05-11,2017-09-18 07:54:16.000000,2017-09-18 07:54:16.000000
1043,dhopkins,nelsonjennifer@buchanan.biz,Stephanie,Martin,Chief Operating Officer,Knox-Thompson,70856,1934-01-20,2019-12-22 01:58:22.000000,2019-12-22 01:58:22.000000
1044,saradixon,zgeorge@hotmail.com,Robert,Short,Minerals surveyor,"Elliott, Snyder and Davis",17249,1967-06-05,2018-10-20 16:48:56.000000,2018-10-20 16:48:56.000000
1045,perryjoshua,fknight@allen-dodson.org,Elizabeth,Kemp,"Nurse, mental health",Peck and Sons,12890,2005-02-27,2015-09-25 08:41:44.000000,2015-09-25 08:41:44.000000
1046,nlong,ofrancis@yahoo.com,Kimberly,Hartman,Solicitor,Christensen Ltd,12167,1961-11-12,2020-01-13 14:17:50.000000,2020-01-13 14:17:50.000000
1047,frankhowell,marissasantos@murillo.net,Robert,Kennedy,Interior and spatial designer,Johnson-Johnson,94903,2009-04-08,2019-02-20 17:38:57.000000,2019-02-20 17:38:57.000000
1048,xevans,brian74@gmail.com,Alyssa,Lopez,Dealer,Miller-Kim,71925,2005-06-01,2015-09-25 05:01:49.000000,2015-09-25 05:01:49.000000
1049,kathleen95,ymcguire@hotmail.com,Cynthia,Estrada,Technical author,"Romero, Ferguson and Daniels",76140,1906-10-01,2018-02-07 02:10:01.000000,2018-02-07 02:10:01.000000
1050,jamie63,brandon95@hotmail.com,Jacob,Hall,Agricultural consultant,"Schultz, Jones and Young",69433,1959-07-23,2018-07-28 02:20:15.000000,2018-07-28 02:20:15.000000
306,brandonbrown,bakerzachary@yahoo.com,Craig,Patterson,Curator,Rhodes-Heath,62038,1928-04-15,2016-06-02 10:15:59.000000,2020-04-25 14:01:42.950423
828,luke01,qwilson@hotmail.com,William,Pace,Equality and diversity officer,Mclaughlin-Preston,13510,1998-11-26,2016-01-08 05:42:01.000000,2020-04-26 05:53:43.172189
711,jonesdale,tylermaldonado@evans-gardner.net,Jeffery,Guzman,Tourist information centre manager,Perez PLC,47369,1942-06-03,2019-08-10 15:30:49.000000,2020-04-26 09:24:42.956212
891,brandi96,johnsondonald@jenkins-martin.info,Margaret,Jackson,Print production planner,"Zimmerman, West and Weaver",45005,1998-05-02,2017-12-07 05:07:19.000000,2020-04-25 21:22:42.957240
754,lewistammy,kenneth63@yahoo.com,Drew,Jones,Environmental consultant,Gregory-Deleon,23245,1930-02-02,2017-12-12 12:50:09.000000,2020-04-26 07:38:42.959120
638,rebecca72,sarah64@yahoo.com,Kevin,Leonard,Transport planner,Richard-Lee,37536,2001-07-06,2018-11-16 20:19:24.000000,2020-04-25 14:34:42.960916
793,terricook,robertvasquez@roberts-adams.com,Carmen,Nunez,Landscape architect,Tucker and Sons,17730,1983-05-08,2017-12-17 19:01:57.000000,2020-04-26 07:53:42.962810
749,baileycheryl,patriciarobinson@hotmail.com,Cameron,Becker,Agricultural consultant,Martin Group,64123,1948-05-08,2015-07-21 03:13:12.000000,2020-04-25 11:16:42.964728
983,jordanrobert,lisa27@martinez.org,Matthew,Guzman,Copy,Rowe-Watts,33219,1933-01-21,2019-03-02 17:11:50.000000,2020-04-25 11:59:42.966523
397,smithmaria,sara53@hotmail.com,Richard,Simon,Museum/gallery curator,Krause LLC,69683,1922-08-09,2018-08-04 08:53:55.000000,2020-04-25 22:37:42.968173
729,robert88,ccook@hotmail.com,Judy,Brown,"Engineer, manufacturing systems",Rodriguez Inc,29988,1928-09-25,2016-09-28 14:12:08.000000,2020-04-25 14:34:42.969937
330,davidcook,nschneider@cortez-avila.info,Heather,Mullen,Senior tax professional/tax inspector,"Blake, Sanders and Roberts",59439,1992-01-05,2016-05-04 03:21:39.000000,2020-04-25 22:08:43.403965
469,rwood,jamesalice@harris-weaver.com,Heather,Green,Commissioning editor,Williams PLC,76700,1997-12-28,2018-12-14 02:31:18.000000,2020-04-25 14:33:42.975570
851,nathan32,jeff18@james.com,Michael,Shepherd,Clothing/textile technologist,Poole-Jackson,78665,1920-12-03,2016-08-07 00:25:55.000000,2020-04-25 16:42:42.977346
208,matthewcalderon,amandarodriguez@gmail.com,Nancy,Thomas,Electrical engineer,Dixon-Scott,60753,1927-10-25,2018-05-21 03:21:28.000000,2020-04-25 11:17:42.986327
837,scottjustin,micheleporter@gmail.com,Jacob,Reeves,Estate manager/land agent,Whitehead-Webb,24262,1977-05-05,2018-01-02 18:57:19.000000,2020-04-25 12:14:43.233025
751,raytonya,felicia99@hotmail.com,William,Miller,Clinical cytogeneticist,Grant Ltd,08631,1958-04-22,2018-07-24 15:09:05.000000,2020-04-25 13:16:42.982673
959,martindanielle,jamesjohnson@yahoo.com,Cassandra,Davis,Forensic scientist,Davis-Patterson,96399,2004-11-18,2019-11-10 20:14:54.000000,2020-04-25 12:25:42.984440
208,matthewcalderon,amandarodriguez@gmail.com,Nancy,Thomas,Electrical engineer,Dixon-Scott,60753,1927-10-25,2018-05-21 03:21:28.000000,2020-04-25 11:17:42.986327
51,andersonjoshua,xmoore@woods-porter.com,Dalton,Woodard,Learning mentor,Mcclain-Obrien,48327,1975-06-19,2016-10-22 12:13:39.000000,2020-04-25 21:43:42.988003
125,scottsheryl,mckinneycourtney@gibson.info,Pamela,Palmer,Chartered legal executive (England and Wales),Williams Inc,95505,1982-06-26,2015-05-04 09:07:17.000000,2020-04-26 05:09:42.989290
978,youngtyler,sharon71@hotmail.com,Regina,Rocha,"Engineer, drilling",Mueller Inc,35822,1922-06-02,2017-07-01 21:47:52.000000,2020-04-26 01:37:42.990374
805,ofigueroa,nathanherrera@yahoo.com,Justin,Silva,Outdoor activities/education manager,Curtis Ltd,95902,1960-06-08,2020-02-17 16:38:19.000000,2020-04-26 08:37:42.992299
654,aprilsimpson,jeremyware@yahoo.com,Wayne,Harrison,Automotive engineer,"Bailey, Jones and Sanchez",34815,1956-05-16,2018-07-03 19:19:17.000000,2020-04-26 09:09:42.994080
436,bryansteele,cooperlisa@hotmail.com,Cynthia,Gonzalez,Aid worker,Morris-Pena,40836,1977-07-05,2019-04-20 01:16:45.000000,2020-04-25 19:36:42.995828
545,billy34,agarrett@hotmail.com,Larry,Cook,"Scientist, audiological",White Ltd,39558,1928-09-05,2015-09-21 20:12:10.000000,2020-04-25 16:22:42.998085
463,michael71,aliciamiller@yahoo.com,Jeffery,Flores,"Journalist, magazine","Collins, Sandoval and Miller",26453,1928-09-29,2015-09-15 16:29:50.000000,2020-04-26 07:51:43.244744
909,avilagary,aaron01@figueroa.com,Bryan,Rogers,"Surveyor, mining",Figueroa-Shelton,30929,1996-01-13,2015-11-25 11:09:11.000000,2020-04-26 07:04:43.002832
804,matthew55,elizabeth23@bryant-lopez.com,David,Watson,Horticultural consultant,Sullivan Group,90955,2003-05-23,2019-05-28 08:10:41.000000,2020-04-25 22:28:43.664549
876,hudsondonna,kthomas@gmail.com,Jeffery,Sanders,Ecologist,Davis-Carroll,72096,1978-02-01,2019-03-03 22:41:37.000000,2020-04-26 09:44:43.009106
748,david72,lisawilliams@graves.net,Leslie,Rodriguez,"Engineer, maintenance (IT)","Garrett, Campbell and Wilson",91696,1905-02-01,2017-01-03 15:16:28.000000,2020-04-25 15:07:43.011392
46,kimberlyhall,benjamintorres@hotmail.com,Jacob,Young,Dance movement psychotherapist,"Weaver, Walters and Brown",98073,1937-06-26,2018-08-15 23:50:17.000000,2020-04-25 18:27:43.523875
590,william76,joseph69@hotmail.com,Bradley,Jenkins,Tree surgeon,Williams and Sons,78518,1992-01-19,2018-08-13 08:13:27.000000,2020-04-26 00:13:43.016567
261,wgill,joshua41@hotmail.com,Patrick,Carney,Video editor,Williams Group,51496,2002-04-16,2015-10-09 08:29:43.000000,2020-04-25 12:54:43.229472
999,kramerchristopher,terry04@guerrero.org,Elizabeth,Brown,Broadcast engineer,Shepherd-Smith,00508,1953-01-15,2019-09-09 10:16:51.000000,2020-04-26 01:38:43.313744
308,steven44,jhamilton@vasquez.biz,Kristin,Taylor,Chartered public finance accountant,"Khan, Flores and Fletcher",66565,1962-08-18,2017-06-23 12:03:01.000000,2020-04-25 15:45:43.024562
67,lwashington,tonycasey@goodwin-rivera.com,Kevin,Hodge,Trading standards officer,"Schneider, Bruce and Davis",30540,2017-08-03,2016-10-12 07:39:05.000000,2020-04-25 23:51:43.026874
314,colleenhenderson,taylor89@hotmail.com,Thomas,Aguilar,"Radiographer, therapeutic",Cobb-Davila,85245,2017-03-13,2016-11-17 09:42:33.000000,2020-04-25 23:22:43.087038
861,sanchezashley,thomascraig@gmail.com,Amy,Weiss,Hotel manager,Khan LLC,98915,1936-07-16,2019-03-06 21:40:55.000000,2020-04-25 22:07:43.031703
31,johnwatkins,halexander@walters-coleman.biz,Tammy,Villegas,"Teacher, music",Pennington LLC,36850,1978-11-23,2017-05-02 14:50:44.000000,2020-04-26 03:16:43.033910
248,rebeccareed,elizabeth41@gmail.com,Melissa,Dominguez,Manufacturing engineer,Martin Inc,06573,2012-07-14,2018-01-13 07:21:03.000000,2020-04-26 05:23:43.037277
696,camposkyle,collinsmichael@bean.net,Rebecca,Brown,Museum/gallery curator,Hogan Group,16246,1966-09-05,2015-10-01 07:50:44.000000,2020-04-25 16:54:43.041276
831,dianawarren,zwu@yahoo.com,Phillip,Downs,"Chemist, analytical",Greene and Sons,23070,1915-07-15,2020-03-11 00:05:44.000000,2020-04-25 17:47:43.043582
822,wwalker,jacqueline53@hotmail.com,Mitchell,Walters,"Engineer, automotive",Dixon-Powers,37333,1932-10-01,2016-05-11 10:06:07.000000,2020-04-25 15:15:43.046394
557,tcurry,corythomas@greer.com,Barbara,Khan,Printmaker,Barton-Graham,56271,1992-04-29,2019-01-08 21:56:05.000000,2020-04-25 13:56:43.049064
968,dmiller,janet48@gmail.com,Caleb,Kelley,"Producer, radio",Rodriguez LLC,41334,1984-10-11,2015-11-10 15:16:02.000000,2020-04-26 09:14:43.647245
577,richardsonadam,jacquelinewhite@mcclure.com,Matthew,Williams,Television floor manager,Freeman-Deleon,74440,2007-09-30,2015-08-22 00:48:49.000000,2020-04-25 11:47:43.053811
333,richard41,brian12@turner-mitchell.com,Daniel,Mcdaniel,Arts administrator,"Murphy, Torres and Gamble",86913,1908-02-09,2015-07-23 02:16:45.000000,2020-04-25 13:51:43.242910
736,sleblanc,janet71@gmail.com,Joseph,Black,Soil scientist,Jones-Hess,13967,1916-05-04,2017-01-17 11:18:21.000000,2020-04-26 01:49:43.659367
875,qmeyer,samanthahawkins@gmail.com,Tiffany,Beltran,Theatre director,Marshall-Lee,90582,1947-02-08,2019-09-13 18:46:37.000000,2020-04-26 05:43:43.061626
701,sean59,laurenrobertson@moore-ballard.com,Vincent,Martinez,Systems analyst,Lee and Sons,32795,1950-03-08,2015-07-29 23:27:36.000000,2020-04-25 16:47:43.064698
194,bowersmatthew,reynoldstiffany@conner.com,Brian,Carroll,Chief Financial Officer,Robinson-Bass,31611,1939-06-09,2016-04-14 20:18:24.000000,2020-04-25 11:36:43.067242
934,lewislaura,scabrera@yahoo.com,Matthew,Hill,Information officer,Wright-Cox,21606,1905-08-13,2017-04-25 09:49:58.000000,2020-04-25 20:53:43.069754
881,josephrodriguez,daniel23@yahoo.com,Eric,Russell,Ecologist,Wang LLC,53922,2005-03-23,2018-12-05 21:50:52.000000,2020-04-26 04:55:43.072671
526,donovanjennifer,pgreer@harris-stewart.info,Javier,Aguilar,Osteopath,"Sullivan, Horton and Thomas",96746,1974-11-29,2015-12-14 06:33:12.000000,2020-04-26 09:39:43.075965
281,chapmanjohnny,rlove@valdez.net,Trevor,Gibson,"Sales professional, IT",Olson LLC,69826,1907-04-05,2018-02-27 23:28:31.000000,2020-04-25 19:47:43.078202
760,angela52,nathaniel43@daniels.biz,Heather,Glenn,Ecologist,Myers Group,25776,1961-06-11,2020-03-11 01:57:50.000000,2020-04-26 00:45:43.080555
964,laura25,vdelacruz@hotmail.com,Mary,Holt,"Designer, ceramics/pottery",Burton PLC,29590,1955-05-08,2016-03-29 06:09:12.000000,2020-04-26 02:05:43.084056
314,colleenhenderson,taylor89@hotmail.com,Thomas,Aguilar,"Radiographer, therapeutic",Cobb-Davila,85245,2017-03-13,2016-11-17 09:42:33.000000,2020-04-25 23:22:43.087038
83,robert13,nashanthony@hotmail.com,Nicole,Cook,Toxicologist,Koch-Williams,29279,1951-05-06,2017-03-03 15:53:45.000000,2020-04-25 17:35:43.089771
197,castromichael,debbierose@oneal.info,Melissa,Hill,"Engineer, manufacturing systems",Palmer-Estrada,68928,1907-05-04,2019-09-18 20:51:22.000000,2020-04-26 08:28:43.092330
133,linda07,mendozajonathan@anderson.biz,Colin,Carlson,Computer games developer,"Friedman, Young and Mejia",55190,1988-09-27,2018-05-28 18:18:51.000000,2020-04-26 10:58:43.094748
292,hannah49,williamsjohnny@wilson.com,Kenneth,Small,"Engineer, land",Middleton-Clarke,11556,2017-03-06,2017-01-25 00:36:27.000000,2020-04-25 17:16:43.098097
298,jacqueline29,normanantonio@hotmail.com,Richard,Garza,"Designer, furniture","Camacho, Johnson and Buck",19467,1944-11-09,2015-06-09 14:31:07.000000,2020-04-25 16:33:43.101041
111,hunter92,isaac89@hotmail.com,Amanda,Hale,Games developer,Hanson-Walters,19831,1913-05-18,2016-10-19 10:24:03.000000,2020-04-26 08:37:43.103536
283,michael98,gerald54@smith-oconnor.com,Brian,Humphrey,Immunologist,"Marquez, Hernandez and Huang",54099,1907-01-04,2017-01-26 10:39:15.000000,2020-04-25 20:47:43.234769
305,carrillobrenda,andersonscott@weiss.info,Crystal,Hamilton,Nutritional therapist,Miller-Rodriguez,10501,1953-06-06,2020-01-16 02:10:06.000000,2020-04-26 06:35:43.108764
24,richmaria,nicole14@hotmail.com,Christina,Weaver,Dramatherapist,Johnson and Sons,80694,1960-10-28,2016-10-30 04:19:26.000000,2020-04-25 14:13:43.111568
783,phillipsjulia,wattssarah@yahoo.com,Erika,King,Community education officer,"Smith, Rodriguez and Edwards",61969,1956-04-08,2017-09-09 07:08:22.000000,2020-04-25 18:20:43.113843
690,tylerpeck,franklindawn@yahoo.com,Kayla,Michael,Financial risk analyst,Rogers and Sons,09336,2011-12-13,2016-08-24 15:16:24.000000,2020-04-25 14:14:43.116503
789,carternicole,rmoore@yahoo.com,James,Johnson,Private music teacher,Boyd-Hobbs,96805,1969-08-04,2017-04-08 05:30:10.000000,2020-04-26 07:09:43.120258
277,gchapman,wross@hotmail.com,Susan,Li,Technical brewer,Bowman PLC,08854,1953-04-10,2018-09-28 13:46:45.000000,2020-04-25 19:16:43.122966
643,wendy16,lauralara@yahoo.com,Cindy,Mccall,"Pharmacist, community","Williams, Holmes and Davis",82648,1905-10-25,2018-11-20 00:05:01.000000,2020-04-26 03:43:43.125193
269,johndavidson,pearsonnicole@yahoo.com,Tracey,King,"Psychologist, educational","Hawkins, Barrett and Kim",57903,1989-11-12,2018-10-05 05:31:59.000000,2020-04-26 08:29:43.128448
432,briancallahan,perickson@richardson-roberts.com,Christina,Mays,Actuary,Hill Inc,29164,1950-08-10,2019-12-06 20:27:05.000000,2020-04-25 12:04:43.131273
110,terrynicole,wmyers@hall.com,Carl,Casey,Medical technical officer,"Bryant, Jordan and Key",18704,1985-10-31,2019-08-03 15:05:41.000000,2020-04-25 18:11:43.133676
758,sanderslinda,breanna26@gmail.com,Kyle,Green,Immigration officer,Bell and Sons,41627,1912-08-28,2015-05-28 18:17:13.000000,2020-04-26 05:42:43.136006
40,owolfe,patriciaelliott@small.com,Amber,Scott,Maintenance engineer,Strickland-Hogan,87506,1925-01-10,2020-04-10 15:19:33.000000,2020-04-26 01:56:43.138570
271,jeffrey69,donnaford@gmail.com,Alexis,Smith,Health service manager,"Sharp, Cox and Reed",37902,2006-06-22,2017-03-13 04:12:52.000000,2020-04-25 16:03:43.141845
17,oruiz,espinozajohn@shepherd-young.net,Amanda,Espinoza,IT trainer,"Banks, Mcmahon and Martin",95511,1962-05-05,2016-11-18 12:59:28.000000,2020-04-25 12:05:43.155224
80,pelliott,courtney38@rocha.com,Peter,Leon,"Lecturer, further education",Olson-Thomas,58439,2003-11-23,2018-11-24 18:32:34.000000,2020-04-26 02:09:43.147289
213,arroyorebecca,wmadden@gmail.com,Charles,Smith,Garment/textile technologist,Kim-Chapman,61644,1984-05-18,2018-05-22 06:59:46.000000,2020-04-25 12:34:43.359729
500,garrettdarren,ibrown@bailey-salazar.net,Ryan,Stone,English as a foreign language teacher,"Barnett, Hamilton and Bowman",79429,1951-12-21,2018-07-01 03:45:57.000000,2020-04-26 08:31:43.152190
17,oruiz,espinozajohn@shepherd-young.net,Amanda,Espinoza,IT trainer,"Banks, Mcmahon and Martin",95511,1962-05-05,2016-11-18 12:59:28.000000,2020-04-25 12:05:43.155224
778,chris81,jberry@yahoo.com,Derrick,Richmond,Publishing rights manager,Williams-Moore,16112,2019-10-26,2018-09-27 14:26:06.000000,2020-04-26 01:58:43.158189
215,kristin76,wmcintyre@yahoo.com,Jeffrey,Bowers,Electronics engineer,Wright-May,77781,1917-11-29,2015-09-29 19:38:20.000000,2020-04-25 20:24:43.160579
229,rramos,douglastimothy@yahoo.com,Kenneth,Whitehead,Research scientist (life sciences),"Adams, Lopez and Dominguez",47437,1956-01-10,2019-04-30 05:30:56.000000,2020-04-26 03:27:43.327831
835,maryfernandez,tonyamcdaniel@rice.com,Bryan,Lopez,Customer service manager,"Cox, Jackson and Rogers",75947,1922-05-11,2018-05-13 04:30:52.000000,2020-04-25 21:40:43.439269
211,maxwellana,dominguezchristopher@ortiz-webb.net,Kimberly,Williams,Technical brewer,Davis PLC,12849,1915-05-11,2019-10-07 03:16:34.000000,2020-04-25 17:04:43.371455
828,luke01,qwilson@hotmail.com,William,Pace,Equality and diversity officer,Mclaughlin-Preston,13510,1998-11-26,2016-01-08 05:42:01.000000,2020-04-26 05:53:43.172189
372,laura51,dale26@anderson-reese.com,Scott,Murray,Environmental health practitioner,"Marshall, Bell and Bowman",58427,1989-10-03,2018-05-12 16:01:58.000000,2020-04-26 05:32:43.174739
104,reidcharles,rebeccamckinney@yahoo.com,Michael,Harrell,Research scientist (physical sciences),"Edwards, Kelley and Graham",60109,1907-05-05,2018-03-08 14:24:30.000000,2020-04-25 18:35:43.176948
821,wgarrison,davisangela@gonzalez.com,Teresa,Jackson,Automotive engineer,Sanchez-Glenn,35586,1959-02-17,2017-07-28 17:35:11.000000,2020-04-26 07:38:43.178745
390,ismith,nancy73@howard-johnson.com,Jacqueline,Johnson,Comptroller,"Wright, Harrison and Choi",49595,1963-03-24,2019-01-12 02:45:04.000000,2020-04-25 21:14:43.390384
600,ncarter,mrobinson@johnson.biz,Sarah,Pacheco,Film/video editor,Collins and Sons,95285,1911-05-04,2017-09-26 04:13:12.000000,2020-04-26 02:17:43.182482
137,eduarte,hernandezkristen@kelly-cohen.com,Gabriel,Shields,"Pilot, airline",Walters Group,85944,1989-08-26,2020-03-16 13:49:43.000000,2020-04-25 17:53:43.184215
276,caleb10,wharrington@yahoo.com,Chad,King,"Psychologist, educational","Ramos, Ray and Smith",39203,1936-01-27,2018-03-17 12:30:43.000000,2020-04-25 18:50:43.237696
941,jdavis,dbowen@rangel-mullins.com,Melanie,Rodriguez,"Surveyor, rural practice",Massey-Hays,21274,1943-03-08,2017-10-10 10:49:22.000000,2020-04-26 08:56:43.188967
400,khangabriel,pedrowhite@yahoo.com,James,Wright,"Physicist, medical",Jenkins and Sons,42529,1954-09-02,2016-04-06 10:28:25.000000,2020-04-25 20:20:43.289268
25,thomasloretta,harperpeter@harris-nguyen.com,Nathan,Nichols,Counsellor,"Wood, Stone and Thompson",33971,1916-09-17,2016-07-06 20:23:02.000000,2020-04-25 22:37:43.192864
661,coffeywilliam,mitchelldevon@moody.biz,Margaret,Underwood,Writer,Bell Ltd,91740,1971-07-08,2015-08-10 15:05:44.000000,2020-04-25 18:24:43.194595
974,phillipschristian,deborah12@cardenas.com,Michael,Lewis,"Doctor, hospital",Johnson-Levy,61432,1936-05-13,2018-06-05 01:16:15.000000,2020-04-26 09:57:43.256949
706,kristopher12,gcarter@moore.com,Wanda,Johnson,Marine scientist,"Dawson, Hampton and Woods",44741,1926-07-22,2017-10-17 03:34:32.000000,2020-04-25 20:03:43.198829
56,michael73,frenchjamie@hotmail.com,Deanna,Freeman,"Development worker, international aid",Torres-Johnson,35822,1944-02-01,2015-07-28 18:05:21.000000,2020-04-25 11:43:43.200556
761,darren75,victoria30@gmail.com,Jacqueline,Johnson,Medical technical officer,"Horton, Brewer and Schmidt",95462,1966-05-20,2017-06-30 07:24:18.000000,2020-04-25 16:46:43.202163
536,jenniferbauer,millertonya@gmail.com,Laura,Bray,Systems analyst,"Taylor, Gamble and Cruz",22100,2004-02-19,2016-12-30 09:17:03.000000,2020-04-25 12:47:43.204381
362,turnerpatricia,kyoung@ali-york.com,Tiffany,Ward,"Surveyor, minerals",Gonzales Inc,79232,1968-01-17,2018-06-04 12:39:23.000000,2020-04-25 19:47:43.206315
139,lisa60,wbuchanan@perez.net,Michael,Clark,Advertising account executive,Ross-Lewis,61122,1912-09-07,2017-04-27 08:47:55.000000,2020-04-26 08:11:43.208583
596,shelly08,weaverpatricia@ho.net,Michael,Schneider,Writer,Gallagher-Evans,37279,1991-11-23,2019-01-24 10:12:14.000000,2020-04-25 15:09:43.210296
559,samantha07,henrypope@turner.com,Michelle,Bishop,Chief Marketing Officer,Blanchard Ltd,30686,1965-09-11,2016-09-16 06:22:32.000000,2020-04-26 04:51:43.211983
786,timothy42,dennis65@hotmail.com,Michele,Smith,Multimedia programmer,Marshall-Montoya,02280,2012-08-30,2016-07-29 01:46:44.000000,2020-04-25 22:55:43.400021
482,claudia65,slopez@gmail.com,Anthony,Villa,"Civil engineer, consulting",Jones-Phillips,05510,1916-02-01,2015-10-12 04:08:44.000000,2020-04-26 03:41:43.215695
540,afox,watersdwayne@wilson.net,Amanda,Boyer,Diagnostic radiographer,"Jenkins, Hensley and Aguilar",33598,2016-01-12,2018-07-25 15:00:35.000000,2020-04-25 16:57:43.217507
772,ypittman,stonecarolyn@drake.com,Cheryl,Garner,Communications engineer,"Stevenson, Lee and Mitchell",80953,1947-11-05,2015-12-23 19:34:10.000000,2020-04-25 13:07:43.220178
452,twarner,lindsaybishop@lewis.biz,Scott,Hoffman,Intelligence analyst,"Cervantes, Brown and Campbell",82087,1907-01-23,2018-01-17 09:16:47.000000,2020-04-25 20:57:43.222858
266,williamssara,zsimon@hotmail.com,Ethan,Carpenter,Cartographer,Russell PLC,76728,1933-03-30,2018-07-04 06:05:23.000000,2020-04-25 16:49:43.224492
88,mcastillo,mistyadams@ferrell-scott.com,Megan,Parsons,Maintenance engineer,Hall Ltd,35600,1966-03-20,2018-11-01 16:46:24.000000,2020-04-26 01:35:43.226087
817,frank61,melanieatkins@yahoo.com,Brenda,Snyder,IT trainer,"Walton, Miller and Newman",39429,1993-12-23,2017-03-07 01:13:48.000000,2020-04-26 00:23:43.227844
261,wgill,joshua41@hotmail.com,Patrick,Carney,Video editor,Williams Group,51496,2002-04-16,2015-10-09 08:29:43.000000,2020-04-25 12:54:43.229472
652,shiggins,brownbrad@hotmail.com,Daniel,Bradford,Air cabin crew,Ramirez PLC,09948,2019-12-17,2019-10-04 17:26:57.000000,2020-04-25 12:44:43.231306
837,scottjustin,micheleporter@gmail.com,Jacob,Reeves,Estate manager/land agent,Whitehead-Webb,24262,1977-05-05,2018-01-02 18:57:19.000000,2020-04-25 12:14:43.233025
283,michael98,gerald54@smith-oconnor.com,Brian,Humphrey,Immunologist,"Marquez, Hernandez and Huang",54099,1907-01-04,2017-01-26 10:39:15.000000,2020-04-25 20:47:43.234769
276,caleb10,wharrington@yahoo.com,Chad,King,"Psychologist, educational","Ramos, Ray and Smith",39203,1936-01-27,2018-03-17 12:30:43.000000,2020-04-25 18:50:43.237696
763,jessicalindsey,robertsmatthew@atkinson.org,Denise,Roth,Clinical biochemist,"Garcia, Eaton and Shaw",30320,2018-09-19,2017-12-23 02:46:33.000000,2020-04-25 23:34:43.666204
655,seanstevens,johnherrera@dixon.com,Amy,Wise,Brewing technologist,Wiggins Ltd,25843,2008-11-21,2018-07-31 20:43:35.000000,2020-04-26 10:44:43.241303
333,richard41,brian12@turner-mitchell.com,Daniel,Mcdaniel,Arts administrator,"Murphy, Torres and Gamble",86913,1908-02-09,2015-07-23 02:16:45.000000,2020-04-25 13:51:43.242910
463,michael71,aliciamiller@yahoo.com,Jeffery,Flores,"Journalist, magazine","Collins, Sandoval and Miller",26453,1928-09-29,2015-09-15 16:29:50.000000,2020-04-26 07:51:43.244744
517,millsbenjamin,doyleholly@gonzalez.biz,Diana,Baker,Metallurgist,Black LLC,07979,1968-11-28,2020-04-07 20:22:54.000000,2020-04-26 00:01:43.246670
552,irosario,gutierrezheather@beard-brandt.com,Heather,Buckley,Bookseller,Cook-Hill,02370,1997-02-23,2016-12-10 19:11:46.000000,2020-04-26 07:11:43.635891
279,laurie38,wfloyd@yahoo.com,Monica,Hunter,Accommodation manager,Scott Group,20398,2013-05-06,2017-01-22 08:49:08.000000,2020-04-26 08:49:43.250418
508,ashleylloyd,wmiller@stevens-dodson.info,Rachel,Manning,Pension scheme manager,Davis-Ramos,06399,1924-08-17,2017-02-03 04:51:35.000000,2020-04-25 21:28:43.252140
19,hansenglenn,leeriley@hotmail.com,Ian,Decker,Dramatherapist,Joseph-Gregory,87877,1918-04-01,2018-02-19 21:04:28.000000,2020-04-26 06:26:43.255098
974,phillipschristian,deborah12@cardenas.com,Michael,Lewis,"Doctor, hospital",Johnson-Levy,61432,1936-05-13,2018-06-05 01:16:15.000000,2020-04-26 09:57:43.256949
678,callen,atran@yahoo.com,Daniel,Walker,Mining engineer,Johnson-Johnson,90014,2013-01-17,2017-11-12 23:03:51.000000,2020-04-26 06:12:43.258676
181,donaldbarnes,bryan97@fernandez.biz,Thomas,Perry,Research scientist (medical),Miller Ltd,03188,1991-12-02,2018-10-26 07:14:18.000000,2020-04-26 05:45:43.260526
981,nealantonio,anthony77@yahoo.com,Travis,Edwards,Warehouse manager,Ramsey LLC,73948,1978-06-23,2018-06-22 00:57:15.000000,2020-04-26 04:31:43.262146
595,jchung,valenciachristopher@hensley.org,Emily,Mosley,Special educational needs teacher,Schultz-Sanchez,53900,1943-04-22,2018-01-11 15:33:41.000000,2020-04-26 07:21:43.264117
2,reyesshawn,bowmanteresa@hotmail.com,Tina,Richmond,"Engineer, technical sales",Parker-Brown,43740,1976-09-06,2020-03-02 07:19:05.000000,2020-04-26 01:21:43.266490
739,wrightdavid,cathycochran@gilmore-ryan.com,Janet,Hanson,"Psychologist, prison and probation services",Barry PLC,91393,1974-03-05,2016-06-02 11:39:46.000000,2020-04-25 16:19:43.268069
16,qfleming,taylor28@jones-travis.com,Richard,Johnson,Theatre director,Allen Group,33973,1984-01-31,2020-03-14 10:17:02.000000,2020-04-25 13:07:43.270567
303,edwardblanchard,jjones@hotmail.com,Whitney,Lowery,Retail merchandiser,"Chambers, Sutton and Taylor",79037,1943-05-01,2016-08-14 13:03:01.000000,2020-04-25 14:01:43.454024
946,hebertamy,justinmason@hotmail.com,Susan,Page,"Editor, magazine features","Shelton, Roy and Jensen",83048,1979-03-10,2017-03-02 02:19:43.000000,2020-04-26 06:13:43.274421
178,dustin05,jolewis@yahoo.com,Christine,Shea,Forensic scientist,"Maxwell, Johnson and Johnson",54285,1998-06-02,2018-01-31 03:35:33.000000,2020-04-26 00:26:43.276620
777,judithrichardson,jmartin@gmail.com,Cassandra,Miller,Counselling psychologist,"Carlson, Clark and Davis",03562,1953-05-26,2019-12-30 09:15:00.000000,2020-04-26 09:22:43.312288
329,jenkinslisa,caintamara@garrett.com,Vanessa,Rollins,Health visitor,Harris and Sons,88339,1986-10-03,2018-06-12 00:44:46.000000,2020-04-26 05:11:43.329588
367,taylorangela,susandawson@griffith-chang.info,Clinton,Johnson,Financial controller,Smith LLC,31290,1999-09-17,2017-12-25 10:23:50.000000,2020-04-26 03:20:43.325604
313,gdavis,deborah13@gmail.com,Hector,Stevens,"Nurse, mental health",Leblanc and Sons,83237,1953-03-05,2016-09-19 14:42:47.000000,2020-04-26 08:21:43.285497
620,barbaraosborne,nathanwilliams@bailey-wyatt.com,Laura,Patel,"Surveyor, hydrographic","Conway, Brooks and Lee",34066,1945-04-29,2019-02-07 01:01:08.000000,2020-04-25 23:34:43.354094
400,khangabriel,pedrowhite@yahoo.com,James,Wright,"Physicist, medical",Jenkins and Sons,42529,1954-09-02,2016-04-06 10:28:25.000000,2020-04-25 20:20:43.289268
102,qlloyd,katie50@dickerson-boyle.org,Robert,Perry,Television floor manager,"Vaughn, Martin and Kaiser",10826,1915-04-24,2017-12-30 20:14:02.000000,2020-04-26 03:57:43.291685
495,mitchellwalter,jonesgregory@greene.com,Ashley,Rose,Midwife,Riley Inc,30535,2014-12-21,2020-03-24 08:52:23.000000,2020-04-25 22:55:43.373136
798,samuel61,henry88@jenkins.com,Michael,Johnson,Copy,Russell PLC,40450,1935-09-20,2018-06-13 09:59:49.000000,2020-04-26 07:28:43.295312
86,lynnramos,melissanash@schmidt.com,Gene,Parsons,Best boy,Peterson-Hubbard,71532,1937-10-29,2018-07-03 06:53:35.000000,2020-04-25 11:50:43.297159
214,martha55,wmorgan@hotmail.com,Cynthia,Lawrence,Chief Financial Officer,"Harper, Mata and Carter",77991,1959-09-05,2015-06-14 23:36:01.000000,2020-04-26 07:47:43.298858
302,crystalsmith,umurray@yahoo.com,Christina,Hamilton,Health promotion specialist,George-Snyder,31950,1934-12-13,2016-10-31 23:06:08.000000,2020-04-25 11:00:43.300605
221,juandaniel,anne79@yahoo.com,Andrea,Wagner,Community education officer,"Little, Trujillo and Perez",52491,1981-11-30,2019-02-07 21:29:09.000000,2020-04-25 15:27:43.301742
186,floresjodi,vrojas@hotmail.com,Travis,Torres,Amenity horticulturist,Perkins LLC,52077,1969-07-21,2015-12-29 08:04:49.000000,2020-04-26 07:26:43.304059
210,pchen,valdezcharles@wolfe-berg.com,Nancy,Arroyo,Quality manager,Morris Ltd,99823,1974-11-28,2019-10-20 05:21:38.000000,2020-04-25 17:09:43.306308
255,qwells,ianderson@holden.info,Gary,Gibson,Homeopath,Gardner Ltd,91679,1954-10-16,2019-06-26 23:04:47.000000,2020-04-25 12:16:43.308046
237,alexandergreen,aellis@logan.com,Nathan,Guzman,"Psychotherapist, child","Fernandez, Williams and Black",62019,1985-01-13,2015-12-24 20:55:16.000000,2020-04-25 13:36:43.310607
777,judithrichardson,jmartin@gmail.com,Cassandra,Miller,Counselling psychologist,"Carlson, Clark and Davis",03562,1953-05-26,2019-12-30 09:15:00.000000,2020-04-26 09:22:43.312288
999,kramerchristopher,terry04@guerrero.org,Elizabeth,Brown,Broadcast engineer,Shepherd-Smith,00508,1953-01-15,2019-09-09 10:16:51.000000,2020-04-26 01:38:43.313744
405,tammy82,john39@gmail.com,Joshua,Mendez,Exercise physiologist,Mcdowell Ltd,92192,1998-01-18,2017-08-02 12:22:59.000000,2020-04-25 21:54:43.315442
347,hilldonald,fsherman@stewart.com,Rachel,Hanson,"Engineer, manufacturing systems","Wade, Spencer and Manning",31846,1960-09-14,2015-10-03 03:17:01.000000,2020-04-26 06:34:43.317311
838,cristianwilson,nicholaswalter@hotmail.com,William,Campos,"Investment banker, operational",Gibbs-Griffin,87561,2015-08-17,2018-06-21 07:15:02.000000,2020-04-25 13:28:43.318650
78,frederick34,clong@hays.com,April,Sanford,Field trials officer,"Garcia, Pierce and Bradley",43297,1943-12-24,2015-08-07 09:59:34.000000,2020-04-26 00:35:43.320166
893,davidwilson,blewis@davis-williams.com,Emily,Castro,"Pharmacist, hospital","Cook, Hall and Miller",07972,1967-05-17,2017-01-06 10:15:53.000000,2020-04-25 23:41:43.321187
913,floresmario,woodsmichael@yahoo.com,Laurie,Lane,Operational researcher,Pham Inc,40216,2016-02-21,2015-07-20 15:16:16.000000,2020-04-26 08:24:43.600584
393,owensjames,mcgeeangela@patel-michael.com,Kelly,Wu,"Psychotherapist, child","Hall, Smith and Rodriguez",16138,1989-08-24,2020-01-22 09:03:51.000000,2020-04-25 14:16:43.370202
367,taylorangela,susandawson@griffith-chang.info,Clinton,Johnson,Financial controller,Smith LLC,31290,1999-09-17,2017-12-25 10:23:50.000000,2020-04-26 03:20:43.325604
229,rramos,douglastimothy@yahoo.com,Kenneth,Whitehead,Research scientist (life sciences),"Adams, Lopez and Dominguez",47437,1956-01-10,2019-04-30 05:30:56.000000,2020-04-26 03:27:43.327831
329,jenkinslisa,caintamara@garrett.com,Vanessa,Rollins,Health visitor,Harris and Sons,88339,1986-10-03,2018-06-12 00:44:46.000000,2020-04-26 05:11:43.329588
150,jonathan01,tbrewer@yahoo.com,Dawn,Carson,Advertising account planner,Benitez-Blair,49173,1914-04-09,2017-01-05 13:05:22.000000,2020-04-25 18:49:43.331748
445,kevinwood,jessica57@king-chen.org,Dan,James,Colour technologist,Johnson Ltd,86852,1927-05-18,2018-02-18 01:59:44.000000,2020-04-26 07:19:43.333587
392,mcgeesonia,kim43@hotmail.com,Maria,Golden,Immigration officer,Hubbard Ltd,44485,1981-01-18,2018-01-31 18:04:51.000000,2020-04-26 01:53:43.335941
291,navery,christopherbryan@gmail.com,Justin,Wolf,Geophysical data processor,Vaughn Group,11631,1971-09-07,2020-03-02 23:16:32.000000,2020-04-25 20:11:43.337906
460,julieblevins,tarmstrong@hotmail.com,Ronald,Cohen,Computer games developer,Schwartz Inc,95453,1938-03-20,2018-07-31 14:13:40.000000,2020-04-26 03:18:43.339658
810,brettfritz,angela83@gmail.com,James,Mckenzie,Chief Marketing Officer,"Johnson, Castillo and Miller",30971,1936-05-30,2015-08-31 20:27:59.000000,2020-04-25 14:22:43.341266
484,jessica21,jonesrandy@gray-parker.com,Sarah,Banks,Mechanical engineer,Mccullough-Holloway,57350,1948-04-21,2018-02-17 13:35:23.000000,2020-04-25 21:17:43.342727
750,hillgregory,ginamason@andrade.com,Michael,Sanchez,Immigration officer,Gutierrez Group,44719,1923-07-12,2017-01-29 15:49:16.000000,2020-04-25 14:43:43.343840
209,qhernandez,jonathan55@weaver-neal.com,Antonio,Bailey,Economist,Sawyer-Bowers,98839,1943-04-09,2015-11-11 19:38:30.000000,2020-04-25 17:15:43.344943
855,michael40,kenneth46@cruz.biz,Jennifer,Harrell,Quarry manager,Murphy-Robinson,77715,1919-03-30,2015-05-31 14:46:39.000000,2020-04-25 20:58:43.346777
290,anthony24,rmathews@hotmail.com,Melissa,Moore,Forensic scientist,Miller-Walker,07087,1948-10-15,2018-08-21 17:34:57.000000,2020-04-26 09:41:43.348933
472,alicianguyen,lopezsamantha@hotmail.com,Mark,Martin,"Psychotherapist, child","Shea, Armstrong and Solis",42915,1948-11-30,2019-03-05 17:46:51.000000,2020-04-26 10:04:43.655709
618,vsantiago,ochoakendra@hotmail.com,Joanne,Decker,"Therapist, music",Lewis and Sons,99788,1967-11-05,2018-01-17 13:21:14.000000,2020-04-26 04:28:43.350473
386,parrishlauren,lisarodriguez@yahoo.com,Kelly,Chandler,Investment analyst,"Lynn, Parker and Price",79602,1947-04-12,2017-02-07 02:47:08.000000,2020-04-26 03:52:43.351470
378,gduke,joshua35@ayala-turner.com,Edward,Gomez,Meteorologist,Hayes LLC,28476,1980-05-23,2015-06-01 23:36:56.000000,2020-04-26 00:45:43.352290
541,benjamin53,garyharris@hotmail.com,Rachel,Peterson,"Accountant, chartered certified",Simon-Henry,44490,2012-11-05,2019-10-11 00:46:17.000000,2020-04-25 13:40:43.353088
620,barbaraosborne,nathanwilliams@bailey-wyatt.com,Laura,Patel,"Surveyor, hydrographic","Conway, Brooks and Lee",34066,1945-04-29,2019-02-07 01:01:08.000000,2020-04-25 23:34:43.354094
630,erik91,kparker@murphy-white.com,Lindsey,Potts,"Scientist, research (physical sciences)",Gill Ltd,20945,1958-07-25,2019-08-02 14:31:15.000000,2020-04-26 10:10:43.355507
598,vrowe,adrianahickman@molina-meyer.biz,Shari,Smith,Medical technical officer,"Campbell, Williams and Coffey",21428,1936-04-27,2016-06-28 02:51:04.000000,2020-04-26 01:25:43.356506
406,nathanbrown,tiffanysutton@gmail.com,Christopher,Lee,Dentist,Williams-Roach,46441,1996-11-15,2017-01-15 18:25:32.000000,2020-04-25 21:38:43.358058
213,arroyorebecca,wmadden@gmail.com,Charles,Smith,Garment/textile technologist,Kim-Chapman,61644,1984-05-18,2018-05-22 06:59:46.000000,2020-04-25 12:34:43.359729
474,johnstonmarissa,kellyshaw@yahoo.com,Jennifer,Moses,Learning disability nurse,"Hubbard, Raymond and Henry",08130,1985-08-08,2020-03-02 19:27:43.000000,2020-04-25 23:54:43.361955
735,briancook,rebecca82@kirby.com,Alexander,Blankenship,Research scientist (medical),Thomas Ltd,74456,1957-07-09,2015-11-12 13:11:24.000000,2020-04-26 07:52:43.363626
247,angeladavis,samanthaboyer@becker-stafford.com,Heather,Sanchez,Writer,"Cunningham, Thompson and Brown",83091,1915-07-10,2020-02-22 01:48:51.000000,2020-04-25 11:34:43.365945
770,sarah77,andrewspencer@rivera.com,Shawn,Collins,Senior tax professional/tax inspector,Lopez-Jones,00752,2010-02-27,2017-02-06 05:28:34.000000,2020-04-26 04:09:43.368530
393,owensjames,mcgeeangela@patel-michael.com,Kelly,Wu,"Psychotherapist, child","Hall, Smith and Rodriguez",16138,1989-08-24,2020-01-22 09:03:51.000000,2020-04-25 14:16:43.370202
211,maxwellana,dominguezchristopher@ortiz-webb.net,Kimberly,Williams,Technical brewer,Davis PLC,12849,1915-05-11,2019-10-07 03:16:34.000000,2020-04-25 17:04:43.371455
495,mitchellwalter,jonesgregory@greene.com,Ashley,Rose,Midwife,Riley Inc,30535,2014-12-21,2020-03-24 08:52:23.000000,2020-04-25 22:55:43.373136
614,ojackson,krista65@yahoo.com,Samantha,Romero,Paediatric nurse,Williams-Howard,74298,1915-11-07,2017-02-08 22:01:06.000000,2020-04-26 09:34:43.375424
206,scottlisa,vincentweaver@gmail.com,Chris,Morrison,Risk analyst,Russell PLC,52307,1952-09-19,2015-07-01 09:00:11.000000,2020-04-25 16:29:43.377393
554,eric12,robertlong@stokes.com,Lauren,Sullivan,Child psychotherapist,"Perez, Smith and Williams",17089,1964-03-10,2020-04-23 14:52:21.000000,2020-04-26 02:11:43.379213
296,dennis40,jenniferlyons@guerra.biz,Sheila,Ramirez,"Psychologist, clinical",Brady-Pacheco,96816,1984-06-20,2019-03-12 15:23:09.000000,2020-04-25 23:24:43.380972
9,johnsonjason,marcwalker@lyons.com,Tyler,Wilson,Stage manager,Anderson-Dorsey,82833,1971-12-20,2018-11-14 13:51:46.000000,2020-04-26 04:24:43.382816
639,reyesmaria,pturner@perry-alvarez.com,Andrea,Nielsen,Purchasing manager,Barker-Harrell,06062,1928-09-11,2019-02-10 22:12:45.000000,2020-04-26 05:04:43.668075
27,robinsongregory,johnjoseph@roberts-thomas.com,James,Bennett,Advertising account executive,Alvarado-Ward,85628,1927-08-05,2017-11-01 23:30:51.000000,2020-04-26 10:07:43.387595
390,ismith,nancy73@howard-johnson.com,Jacqueline,Johnson,Comptroller,"Wright, Harrison and Choi",49595,1963-03-24,2019-01-12 02:45:04.000000,2020-04-25 21:14:43.390384
811,kristinsmith,danielrodriguez@matthews-frederick.biz,Stephen,Blair,Naval architect,Pierce-Carney,89860,1996-11-11,2018-11-22 23:58:19.000000,2020-04-25 20:57:43.393102
734,thompsonsteven,xgilbert@gmail.com,Ann,Klein,Quality manager,Miller Inc,92047,1969-03-30,2016-06-11 10:56:27.000000,2020-04-26 08:08:43.396259
786,timothy42,dennis65@hotmail.com,Michele,Smith,Multimedia programmer,Marshall-Montoya,02280,2012-08-30,2016-07-29 01:46:44.000000,2020-04-25 22:55:43.400021
330,davidcook,nschneider@cortez-avila.info,Heather,Mullen,Senior tax professional/tax inspector,"Blake, Sanders and Roberts",59439,1992-01-05,2016-05-04 03:21:39.000000,2020-04-25 22:08:43.403965
623,ilawrence,leah12@day.com,Heather,Peterson,"Nurse, mental health",Robinson-Stein,56416,1990-06-13,2020-03-17 08:58:56.000000,2020-04-26 01:04:43.407729
515,ccampbell,grantjones@cannon.net,Teresa,Wolfe,Gaffer,Foster Ltd,03789,1906-09-30,2015-06-09 01:28:35.000000,2020-04-26 06:03:43.410754
516,xbailey,johnsanchez@diaz.com,Sandra,Avila,"Engineer, site","Thomas, Anderson and Schmidt",44863,1925-06-09,2015-09-29 00:22:31.000000,2020-04-26 06:54:43.413634
771,jason29,graveslisa@carter-brown.com,Joy,Myers,Advertising account planner,Hopkins Group,72991,1965-10-14,2020-02-04 15:02:28.000000,2020-04-25 16:19:43.416446
803,lauracarroll,kpittman@walsh-robinson.org,Erika,Williams,Medical illustrator,Fuller-Banks,99832,1956-05-14,2019-11-18 20:57:19.000000,2020-04-25 11:07:43.419476
641,ramirezlisa,carlawashington@hotmail.com,Jerome,Weber,Graphic designer,"Roberts, Martinez and Logan",45852,1956-10-01,2019-05-11 15:47:18.000000,2020-04-25 18:55:43.423152
4,tmooney,michele45@gmail.com,Michael,Robinson,Photographer,"Cervantes, Gray and Morgan",74644,1989-07-15,2018-07-11 08:15:08.000000,2020-04-26 06:25:43.425761
109,laura01,randallsantana@hotmail.com,Theodore,Edwards,"Programmer, multimedia","Henson, Andrews and Rangel",92734,1922-11-10,2018-05-10 08:11:28.000000,2020-04-25 20:06:43.428488
537,sethfarmer,joseph62@reynolds.com,John,Knapp,Human resources officer,Cortez-Romero,51730,2017-09-12,2017-11-11 17:43:40.000000,2020-04-25 12:48:43.431642
864,upollard,paul87@hotmail.com,Joseph,Little,Advice worker,Briggs and Sons,97358,1934-07-13,2015-05-10 17:52:46.000000,2020-04-26 01:17:43.434182
835,maryfernandez,tonyamcdaniel@rice.com,Bryan,Lopez,Customer service manager,"Cox, Jackson and Rogers",75947,1922-05-11,2018-05-13 04:30:52.000000,2020-04-25 21:40:43.439269
957,cturner,sandra21@andrews.com,Chad,Lopez,Production manager,Johnson-Wilson,06005,2008-06-06,2018-05-31 04:40:43.000000,2020-04-26 09:25:43.442824
636,barbarahill,barbara74@gmail.com,Thomas,Vincent,Police officer,Smith Ltd,97043,2019-08-27,2016-05-25 14:00:06.000000,2020-04-25 18:29:43.445671
476,david23,kristaadams@manning-estrada.com,Jesse,Johnson,Midwife,Jimenez LLC,34708,1977-05-31,2017-06-28 06:16:28.000000,2020-04-25 20:45:43.448238
539,morganandrea,ochoabrett@caldwell.com,Emily,Thomas,Police officer,Jenkins-Guerra,58715,1932-01-19,2016-11-11 15:43:28.000000,2020-04-26 08:07:43.450764
303,edwardblanchard,jjones@hotmail.com,Whitney,Lowery,Retail merchandiser,"Chambers, Sutton and Taylor",79037,1943-05-01,2016-08-14 13:03:01.000000,2020-04-25 14:01:43.454024
562,mhoward,amandaboyd@hotmail.com,Amber,Baker,Speech and language therapist,Haney and Sons,66734,2004-06-24,2016-09-22 01:41:39.000000,2020-04-25 11:53:43.457561
773,daniel91,james98@rodriguez.org,Briana,King,Seismic interpreter,Pitts and Sons,77031,1926-09-19,2017-02-24 10:41:47.000000,2020-04-26 03:48:43.460841
704,kingcatherine,perezsusan@brown.info,Jessica,Espinoza,Bookseller,Perez-Padilla,45847,2003-07-05,2018-05-04 21:19:37.000000,2020-04-25 18:35:43.463530
148,kimberly71,josephlyons@house.com,Lisa,Church,Hotel manager,"Wallace, Ballard and Thomas",27183,1990-12-22,2015-11-27 16:45:10.000000,2020-04-25 12:51:43.466989
428,juan44,xcarson@hotmail.com,Ashley,Frank,"Embryologist, clinical",Gonzalez-Perry,66731,1997-09-03,2020-03-11 14:23:12.000000,2020-04-26 05:33:43.470137
988,leah44,brianna75@kelly.com,Laura,Jones,Database administrator,"Dickerson, Ward and Jackson",20596,1975-10-16,2015-09-12 10:44:31.000000,2020-04-26 10:29:43.473652
762,jennifer98,tmcdonald@gmail.com,George,Rodriguez,"Engineer, civil (contracting)",Mays-Michael,80146,1935-01-09,2016-08-23 16:08:00.000000,2020-04-26 10:09:43.571385
575,fieldsbrandon,rebecca68@robinson.com,Melvin,Holmes,"Editor, film/video",Hall LLC,61723,1991-08-24,2016-01-20 16:27:03.000000,2020-04-25 12:58:43.481240
121,brandon87,janderson@gmail.com,Cory,Gonzalez,"Civil engineer, consulting",Nelson Ltd,01949,1925-11-13,2019-02-09 01:33:44.000000,2020-04-25 23:21:43.485383
691,edward39,timothy29@gonzalez.info,Jessica,Booker,"Psychologist, clinical",Rivera-Chase,97215,1933-10-10,2017-02-10 12:20:26.000000,2020-04-25 17:13:43.489577
501,lauracarrillo,april08@yahoo.com,Debra,Rojas,Paramedic,Ford PLC,04372,2016-01-14,2019-06-03 06:58:21.000000,2020-04-26 07:05:43.492562
175,vegaashley,stevenreynolds@gmail.com,Douglas,Beasley,"Administrator, charities/voluntary organisations",Patton-Cummings,84314,1925-05-03,2018-09-30 11:06:23.000000,2020-04-26 05:24:43.495310
717,lambertalexis,melissaross@yahoo.com,Candice,Taylor,Museum education officer,"Miller, Vega and Caldwell",77022,1939-10-05,2017-12-26 08:56:28.000000,2020-04-26 05:32:43.497879
530,george87,marshallelizabeth@hotmail.com,Meghan,Cole,"Psychologist, sport and exercise",Lee and Sons,17025,1930-01-29,2017-08-08 07:31:29.000000,2020-04-26 01:31:43.501123
513,leonedwin,coreywillis@french.com,Anita,Bryant,"Pharmacist, hospital",Osborne-Carlson,34861,2001-06-11,2016-11-16 04:30:25.000000,2020-04-25 18:53:43.504693
64,usmith,nicolecarroll@yahoo.com,Vincent,Zamora,Facilities manager,Smith PLC,75158,1991-11-21,2016-04-10 05:19:49.000000,2020-04-26 00:45:43.509473
369,ryan53,shawjennifer@mora-jones.info,Ashley,Mcdowell,Toxicologist,Sandoval and Sons,28862,1978-10-19,2015-09-24 06:06:15.000000,2020-04-25 18:01:43.515172
257,keith65,steven93@oneal.net,Theresa,Wells,English as a second language teacher,Martin-Jackson,19964,1916-02-18,2018-07-29 16:27:31.000000,2020-04-25 22:40:43.519627
46,kimberlyhall,benjamintorres@hotmail.com,Jacob,Young,Dance movement psychotherapist,"Weaver, Walters and Brown",98073,1937-06-26,2018-08-15 23:50:17.000000,2020-04-25 18:27:43.523875
728,wlee,ehamilton@yahoo.com,Jacob,Williams,"Psychologist, occupational","Townsend, Howell and Johnson",33599,1907-12-02,2015-11-26 20:43:34.000000,2020-04-25 16:14:43.526622
421,dannyphillips,johnsonkevin@gmail.com,Andrew,Rowe,"Psychologist, clinical",Cox Inc,33183,1966-12-06,2016-09-15 04:42:22.000000,2020-04-25 19:18:43.530453
356,igallegos,srussell@gmail.com,Alexander,Guerrero,Historic buildings inspector/conservation officer,Myers-Nelson,90676,1915-12-08,2018-01-11 02:04:32.000000,2020-04-26 05:13:43.534275
724,jason73,penningtonjulie@adams.com,Amber,Petty,Marine scientist,"Jones, Cunningham and Ray",59696,1922-08-07,2019-03-08 04:35:55.000000,2020-04-26 01:00:43.539814
160,jamesgamble,brian44@yahoo.com,Diane,Alexander,Building surveyor,Ortiz and Sons,39300,1941-02-10,2020-04-18 23:23:09.000000,2020-04-26 08:53:43.543609
99,rogersandrea,opaul@gmail.com,Cindy,Gonzalez,Estate manager/land agent,"Lopez, Fisher and Kramer",14060,1919-05-27,2019-05-30 16:38:00.000000,2020-04-26 02:45:43.546949
239,garzatravis,cannongary@mitchell.info,Gary,Huber,Database administrator,Villa-Mckinney,44982,1985-12-18,2016-08-25 15:54:50.000000,2020-04-25 17:56:43.551261
435,barbervictoria,evanmaddox@hotmail.com,David,Lopez,Systems developer,King-Giles,65146,1980-01-27,2019-09-14 05:17:18.000000,2020-04-26 02:49:43.557460
608,kelly84,chelsearodriguez@alvarez.net,Susan,Brown,Occupational psychologist,Moore-Hayes,80346,1949-02-04,2016-05-14 23:50:37.000000,2020-04-25 22:42:43.561322
663,ecook,amanda34@francis.com,Katherine,Johnson,Contracting civil engineer,"Morrison, Howell and Hanson",89921,2006-09-09,2017-07-07 03:00:09.000000,2020-04-25 23:42:43.614517
762,jennifer98,tmcdonald@gmail.com,George,Rodriguez,"Engineer, civil (contracting)",Mays-Michael,80146,1935-01-09,2016-08-23 16:08:00.000000,2020-04-26 10:09:43.571385
829,lhendricks,jackchandler@glover.com,Gary,Cobb,Plant breeder/geneticist,Blair-Wallace,70691,1942-07-19,2018-08-30 18:17:13.000000,2020-04-25 18:18:43.576032
147,uhaas,christopher13@miller.com,Brittany,Willis,Administrator,Huff and Sons,26608,1930-05-16,2017-06-08 17:37:07.000000,2020-04-26 05:58:43.579440
449,kelly05,morrowryan@espinoza.biz,Teresa,Davis,Facilities manager,Brown LLC,58274,1974-05-25,2017-07-15 23:50:43.000000,2020-04-26 07:49:43.583186
89,ellisbrittany,michaelmartinez@yahoo.com,Jose,Hood,Retail manager,Griffin-Roberts,26831,1952-03-22,2019-11-26 19:14:52.000000,2020-04-25 18:52:43.586517
417,robert00,clarkchris@gmail.com,Alison,Turner,Cartographer,"Brown, Romero and Morales",21299,1994-08-09,2015-08-04 13:06:18.000000,2020-04-26 00:19:43.590677
873,kleinjenna,ericsmith@stephens-cooper.com,Jason,Butler,Osteopath,Long Group,16036,1988-03-31,2015-07-03 05:06:57.000000,2020-04-25 20:03:43.595663
8,miguel82,james30@perez-butler.com,Jimmy,Holmes,Advice worker,Adams-Smith,74500,1943-04-16,2015-07-02 05:31:37.000000,2020-04-26 00:33:43.598528
913,floresmario,woodsmichael@yahoo.com,Laurie,Lane,Operational researcher,Pham Inc,40216,2016-02-21,2015-07-20 15:16:16.000000,2020-04-26 08:24:43.600584
3,melissa13,hardyjamie@smith.com,Steven,Ross,Pensions consultant,Cook LLC,45653,1981-10-10,2017-06-11 00:47:54.000000,2020-04-25 23:23:43.602552
396,riddlethomas,rjenkins@gmail.com,Ronald,Torres,"Accountant, chartered management",Holland-Santos,75235,1979-02-17,2016-11-17 04:00:53.000000,2020-04-25 23:03:43.604979
422,omiller,wmoore@gmail.com,Christopher,Nelson,Probation officer,"Cooper, Mills and Palmer",22390,1942-07-13,2016-09-30 09:43:36.000000,2020-04-26 03:52:43.606743
938,alexanderjones,denise74@williams-howard.com,Jeremy,Scott,"Research officer, trade union",Burke-Farrell,98643,1998-06-12,2016-08-05 13:05:54.000000,2020-04-25 20:20:43.608850
256,melvin79,weeksjames@hotmail.com,Henry,Smith,"Psychologist, forensic",Whitaker-Stone,98691,1982-07-25,2018-08-14 02:33:52.000000,2020-04-26 01:48:43.610992
703,tsantiago,vphillips@hotmail.com,Christopher,Mitchell,Commissioning editor,Stuart-Nelson,62710,1988-10-10,2019-02-18 23:40:50.000000,2020-04-26 01:23:43.612765
663,ecook,amanda34@francis.com,Katherine,Johnson,Contracting civil engineer,"Morrison, Howell and Hanson",89921,2006-09-09,2017-07-07 03:00:09.000000,2020-04-25 23:42:43.614517
370,danielhiggins,jennifergarcia@gmail.com,Scott,Mullen,Accounting technician,Wood PLC,82480,2005-05-02,2018-07-24 08:23:42.000000,2020-04-26 04:38:43.617081
823,robertsmarc,james04@gmail.com,Julie,Barr,"Teacher, early years/pre",Casey Group,14547,1979-03-13,2019-10-29 05:25:41.000000,2020-04-26 02:57:43.619029
551,yking,syoung@hotmail.com,Ashley,Cannon,Marine scientist,Knapp Group,95762,1964-05-23,2017-03-09 15:55:48.000000,2020-04-26 06:33:43.621278
429,manningbrandon,michael48@hotmail.com,James,Keith,Clinical biochemist,Simon PLC,03359,1966-10-01,2018-11-29 05:55:31.000000,2020-04-26 04:37:43.623349
270,lmiller,katherine17@stephens-carter.info,Phillip,Bond,Environmental education officer,"Hickman, Davis and Hall",06979,1995-07-21,2019-05-24 05:55:41.000000,2020-04-25 11:21:43.625265
293,omurphy,christinealvarado@hotmail.com,Michael,Powell,Police officer,Hardin and Sons,76855,2002-01-04,2018-01-24 15:40:33.000000,2020-04-25 20:46:43.627689
790,michaelrodgers,jameshudson@yahoo.com,Christopher,Hernandez,Systems analyst,"Krause, Armstrong and Harper",45673,1994-06-10,2019-12-25 23:23:05.000000,2020-04-25 14:07:43.630142
610,hhardy,igarner@chambers.com,Heather,Solis,Claims inspector/assessor,Jones-Wagner,08667,1974-04-06,2019-01-29 13:31:02.000000,2020-04-25 17:22:43.632022
682,ashleymora,mcintyreleah@rivera.biz,Christina,Davis,"Optician, dispensing",Doyle Ltd,21463,1947-05-04,2018-09-21 12:57:32.000000,2020-04-25 23:47:43.634003
552,irosario,gutierrezheather@beard-brandt.com,Heather,Buckley,Bookseller,Cook-Hill,02370,1997-02-23,2016-12-10 19:11:46.000000,2020-04-26 07:11:43.635891
360,reynoldsemily,joneskatherine@obrien-martin.com,Carl,Burton,"Psychologist, counselling",Raymond Inc,86998,1910-11-01,2016-08-30 23:06:35.000000,2020-04-26 08:47:43.637891
81,michealshaffer,yjones@yahoo.com,Isabel,Rowland,"Designer, ceramics/pottery",Richard PLC,20621,1985-11-23,2019-03-03 16:12:47.000000,2020-04-26 05:53:43.639755
603,ahatfield,williamsashley@miller-wiley.org,Marissa,Ellis,Magazine journalist,Chang-Williams,34534,1914-11-13,2017-03-21 09:44:20.000000,2020-04-25 13:24:43.641745
727,likyle,loganholland@gmail.com,Alisha,Roberts,Risk manager,"Cisneros, Monroe and Smith",51061,2009-05-19,2018-03-31 01:14:21.000000,2020-04-25 13:14:43.643724
820,jenniferfinley,lparker@spencer-kennedy.biz,Karen,Rivera,"Restaurant manager, fast food","Davenport, Ross and Wright",64358,1949-06-04,2017-07-11 18:41:50.000000,2020-04-26 08:29:43.645484
968,dmiller,janet48@gmail.com,Caleb,Kelley,"Producer, radio",Rodriguez LLC,41334,1984-10-11,2015-11-10 15:16:02.000000,2020-04-26 09:14:43.647245
299,curtissara,hallmichelle@alvarado.com,Valerie,Johnson,Production engineer,"Santiago, Meyer and Anderson",36519,2013-08-31,2017-08-24 22:57:06.000000,2020-04-26 07:32:43.649089
141,sanchezdana,rickysoto@norris.com,Cynthia,Gomez,Garment/textile technologist,"Michael, Mendoza and Jones",32118,1961-03-30,2018-01-08 14:32:26.000000,2020-04-25 11:53:43.650923
902,christopherlyons,laura32@hotmail.com,Cindy,Turner,Clinical research associate,Hall LLC,03039,1950-12-14,2018-04-09 20:36:16.000000,2020-04-26 08:25:43.652861
472,alicianguyen,lopezsamantha@hotmail.com,Mark,Martin,"Psychotherapist, child","Shea, Armstrong and Solis",42915,1948-11-30,2019-03-05 17:46:51.000000,2020-04-26 10:04:43.655709
231,juanadams,moranrobert@bishop.org,Justin,Odonnell,Lawyer,Campbell-Hood,62431,1916-01-31,2018-07-13 15:09:27.000000,2020-04-25 22:53:43.657618
736,sleblanc,janet71@gmail.com,Joseph,Black,Soil scientist,Jones-Hess,13967,1916-05-04,2017-01-17 11:18:21.000000,2020-04-26 01:49:43.659367
58,rmckinney,david77@gmail.com,Sarah,Robbins,Waste management officer,Hall Group,99902,1979-05-07,2016-06-14 06:05:22.000000,2020-04-26 04:46:43.661004
819,cheryl91,brookslaura@yahoo.com,Rebecca,Mejia,Film/video editor,"Campbell, Roberson and Ortega",32590,2004-08-06,2016-07-17 00:19:32.000000,2020-04-26 07:44:43.662719
804,matthew55,elizabeth23@bryant-lopez.com,David,Watson,Horticultural consultant,Sullivan Group,90955,2003-05-23,2019-05-28 08:10:41.000000,2020-04-25 22:28:43.664549
763,jessicalindsey,robertsmatthew@atkinson.org,Denise,Roth,Clinical biochemist,"Garcia, Eaton and Shaw",30320,2018-09-19,2017-12-23 02:46:33.000000,2020-04-25 23:34:43.666204
639,reyesmaria,pturner@perry-alvarez.com,Andrea,Nielsen,Purchasing manager,Barker-Harrell,06062,1928-09-11,2019-02-10 22:12:45.000000,2020-04-26 05:04:43.668075
